{
    "rmse_train": 6.696628227949412,
    "rmse_test": 15.287035691081277,
    "r2_train": 0.9100423860071738,
    "r2_test": 0.526438678385061
}